file_size,total_time_taken,average_time_taken
1,0.136127,0.136127
2,0.062095,0.0310475
3,0.03951,0.013170000000000001
4,0.032549,0.00813725
5,0.03154,0.006307999999999999
6,0.02856,0.0047599999999999995
7,0.029443,0.004206142857142857
8,0.04374,0.0054675
9,0.030514,0.003390444444444444
10,0.04475,0.004475
11,0.03152,0.0028654545454545456
12,0.029557,0.002463083333333333
13,0.029549,0.002273
14,0.028546,0.002039
15,0.028577,0.0019051333333333334
16,0.028491,0.0017806875
17,0.042713,0.002512529411764706
18,0.039695,0.002205277777777778
19,0.032538,0.0017125263157894736
20,0.042724,0.0021362
21,0.050849,0.002421380952380952
22,0.040704,0.001850181818181818
23,0.035811,0.001557
24,0.039769,0.0016570416666666667
25,0.03356,0.0013423999999999999
26,0.035555,0.0013675000000000002
27,0.030628,0.0011343703703703704
28,0.028768,0.0010274285714285713
29,0.054071,0.0018645172413793104
30,0.036517,0.0012172333333333334
31,0.030559,0.000985774193548387
32,0.060027,0.00187584375
33,0.060203,0.0018243333333333334
34,0.057747,0.0016984411764705883
35,0.058843,0.0016812285714285715
36,0.064912,0.001803111111111111
37,0.070209,0.0018975405405405404
38,0.059498,0.0015657368421052632
39,0.049046,0.0012575897435897435
40,0.070641,0.0017660249999999998
41,0.04715,0.00115
42,0.067025,0.0015958333333333334
43,0.053857,0.0012524883720930232
44,0.051831,0.0011779772727272728
45,0.044787,0.0009952666666666666
46,0.035471,0.0007711086956521739
47,0.045654,0.0009713617021276596
48,0.038573,0.0008036041666666668
49,0.037537,0.000766061224489796
50,0.031499,0.00062998
51,0.0356,0.0006980392156862745
52,0.030456,0.0005856923076923077
53,0.030514,0.0005757358490566037
54,0.030581,0.0005663148148148148
55,0.036698,0.0006672363636363636
56,0.03253,0.0005808928571428572
57,0.041667,0.0007310000000000001
58,0.030463,0.0005252241379310345
59,0.03156,0.0005349152542372881
60,0.030538,0.0005089666666666667
61,0.029576,0.00048485245901639344
62,0.029522,0.00047616129032258066
63,0.036569,0.0005804603174603175
64,0.026481,0.000413765625
65,0.051942,0.0007991076923076924
66,0.053901,0.0008166818181818182
67,0.035593,0.0005312388059701493
68,0.04465,0.0006566176470588236
69,0.048195,0.0006984782608695652
70,0.048802,0.0006971714285714286
71,0.042626,0.0006003661971830986
72,0.034563,0.0004800416666666667
73,0.038747,0.0005307808219178081
74,0.030595,0.00041344594594594595
75,0.032554,0.0004340533333333333
76,0.030536,0.00040178947368421056
77,0.031575,0.00041006493506493506
78,0.029548,0.0003788205128205128
79,0.030462,0.00038559493670886077
80,0.029504,0.00036879999999999997
81,0.036666,0.00045266666666666665
82,0.029542,0.0003602682926829268
83,0.031542,0.0003800240963855422
84,0.030578,0.0003640238095238095
85,0.031588,0.00037162352941176466
86,0.030469,0.0003542906976744186
87,0.04158,0.0004779310344827586
88,0.045787,0.0005203068181818182
89,0.035557,0.00039951685393258425
90,0.035649,0.0003961
91,0.048505,0.000533021978021978
92,0.042477,0.00046170652173913046
93,0.032369,0.00034805376344086025
94,0.030501,0.00032447872340425534
95,0.043474,0.00045762105263157896
96,0.034447,0.00035882291666666663
97,0.043734,0.0004508659793814433
98,0.039682,0.00040491836734693877
99,0.042554,0.00042983838383838386
100,0.035443,0.00035443000000000003
101,0.045302,0.00044853465346534656
102,0.038463,0.0003770882352941176
103,0.037123,0.00036041747572815536
104,0.042775,0.00041129807692307695
105,0.032474,0.0003092761904761905
106,0.037775,0.0003563679245283019
107,0.030639,0.00028634579439252336
108,0.03241,0.00030009259259259263
109,0.031459,0.0002886146788990826
110,0.058991,0.0005362818181818182
111,0.042652,0.00038425225225225226
112,0.060569,0.0005407946428571429
113,0.037392,0.00033090265486725666
114,0.041598,0.0003648947368421053
115,0.032471,0.00028235652173913046
116,0.042079,0.00036275
117,0.035412,0.00030266666666666663
118,0.05582,0.0004730508474576271
119,0.043472,0.0003653109243697479
120,0.038444,0.0003203666666666667
121,0.033589,0.00027759504132231406
122,0.057968,0.00047514754098360653
123,0.062715,0.0005098780487804879
124,0.04278,0.000345
125,0.036534,0.000292272
126,0.038716,0.00030726984126984127
127,0.034346,0.0002704409448818898
128,0.060657,0.0004738828125
129,0.042698,0.0003309922480620155
130,0.033609,0.00025853076923076923
131,0.03349,0.00025564885496183205
132,0.03946,0.00029893939393939393
133,0.033452,0.00025151879699248123
134,0.059621,0.0004449328358208955
135,0.053734,0.0003980296296296296
136,0.066376,0.0004880588235294118
137,0.038735,0.00028273722627737225
138,0.035385,0.00025641304347826085
139,0.060992,0.00043879136690647483
140,0.04572,0.00032657142857142856
141,0.039608,0.0002809078014184397
142,0.045608,0.0003211830985915493
143,0.034475,0.00024108391608391606
144,0.056978,0.0003956805555555556
145,0.033532,0.0002312551724137931
146,0.032674,0.00022379452054794522
147,0.033416,0.00022731972789115647
148,0.03147,0.00021263513513513512
149,0.030466,0.00020446979865771812
150,0.030477,0.00020318000000000002
151,0.032525,0.00021539735099337747
152,0.04274,0.0002811842105263158
153,0.032602,0.00021308496732026143
154,0.04169,0.0002707142857142857
155,0.035415,0.00022848387096774194
156,0.036705,0.00023528846153846156
157,0.037673,0.00023995541401273883
158,0.05773,0.00036537974683544303
159,0.05881,0.000369874213836478
160,0.0538,0.00033625
161,0.048733,0.0003026894409937888
162,0.042579,0.00026283333333333334
163,0.039348,0.00024139877300613497
164,0.048636,0.0002965609756097561
165,0.038542,0.00023358787878787878
166,0.034462,0.0002076024096385542
167,0.034494,0.0002065508982035928
168,0.038319,0.0002280892857142857
169,0.034534,0.0002043431952662722
170,0.043603,0.00025648823529411766
171,0.05882,0.0003439766081871345
172,0.053394,0.0003104302325581395
173,0.053822,0.0003111098265895954
174,0.06197,0.0003561494252873563
175,0.048568,0.0002775314285714286
176,0.059872,0.0003401818181818182
177,0.039911,0.0002254858757062147
178,0.038399,0.0002157247191011236
179,0.06865,0.0003835195530726257
180,0.05897,0.0003276111111111111
181,0.053042,0.00029304972375690606
182,0.073956,0.0004063516483516483
183,0.056941,0.00031115300546448086
184,0.045761,0.0002487010869565218
185,0.034513,0.00018655675675675678
186,0.033444,0.00017980645161290324
187,0.03438,0.00018385026737967916
188,0.030418,0.00016179787234042554
189,0.045628,0.00024141798941798942
190,0.040629,0.00021383684210526314
191,0.040604,0.000212586387434555
192,0.045571,0.00023734895833333334
193,0.044281,0.00022943523316062178
194,0.037552,0.00019356701030927837
195,0.051765,0.00026546153846153847
196,0.061029,0.0003113724489795918
197,0.049905,0.0002533248730964467
198,0.039491,0.00019944949494949494
199,0.073978,0.000371748743718593
200,0.065944,0.00032972000000000003
201,0.065137,0.00032406467661691543
202,0.054881,0.0002716881188118812
203,0.040712,0.00020055172413793103
204,0.048857,0.00023949509803921569
205,0.035534,0.00017333658536585367
206,0.039647,0.0001924611650485437
207,0.055925,0.00027016908212560385
208,0.049767,0.00023926442307692307
209,0.040593,0.0001942248803827751
210,0.041675,0.00019845238095238094
211,0.059385,0.00028144549763033176
212,0.067949,0.0003205141509433962
213,0.054465,0.00025570422535211267
214,0.040799,0.00019064953271028038
215,0.057836,0.00026900465116279067
216,0.060847,0.0002816990740740741
217,0.064131,0.0002955345622119815
218,0.073131,0.0003354633027522936
219,0.045192,0.00020635616438356165
220,0.050141,0.00022791363636363634
221,0.036539,0.0001653348416289593
222,0.073045,0.00032903153153153155
223,0.080067,0.00035904484304932733
224,0.043563,0.00019447767857142857
225,0.042452,0.00018867555555555554
226,0.039434,0.0001744867256637168
227,0.041696,0.0001836828193832599
228,0.042476,0.00018629824561403508
229,0.039342,0.0001717991266375546
230,0.033395,0.00014519565217391305
231,0.042536,0.00018413852813852811
232,0.036404,0.00015691379310344827
233,0.054392,0.00023344206008583693
234,0.048896,0.00020895726495726496
235,0.046678,0.00019862978723404255
236,0.055823,0.00023653813559322033
237,0.045044,0.00019005907172995782
238,0.037535,0.00015771008403361343
239,0.042541,0.0001779958158995816
240,0.035099,0.00014624583333333334
241,0.061294,0.00025433195020746886
242,0.057681,0.0002383512396694215
243,0.043649,0.0001796255144032922
244,0.036745,0.00015059426229508196
245,0.035561,0.0001451469387755102
246,0.03858,0.00015682926829268295
247,0.04743,0.00019202429149797572
248,0.042521,0.00017145564516129035
249,0.039402,0.0001582409638554217
250,0.0357,0.0001428
251,0.036365,0.00014488047808764942
252,0.037592,0.00014917460317460317
253,0.038587,0.00015251778656126484
254,0.05463,0.0002150787401574803
255,0.060979,0.00023913333333333334
256,0.065124,0.000254390625
257,0.043631,0.0001697704280155642
258,0.037479,0.0001452674418604651
259,0.036352,0.00014035521235521237
260,0.035537,0.00013668076923076922
261,0.035365,0.00013549808429118775
262,0.033516,0.00012792366412213739
263,0.05661,0.0002152471482889734
264,0.034684,0.00013137878787878787
265,0.038465,0.0001451509433962264
266,0.032483,0.00012211654135338345
267,0.035314,0.0001322621722846442
268,0.035548,0.00013264179104477614
269,0.03647,0.00013557620817843867
270,0.034693,0.0001284925925925926
271,0.038529,0.00014217343173431735
272,0.034298,0.00012609558823529414
273,0.033289,0.00012193772893772894
274,0.035611,0.00012996715328467153
275,0.036338,0.00013213818181818184
276,0.042987,0.00015575
277,0.035375,0.0001277075812274368
278,0.038399,0.00013812589928057555
279,0.036383,0.00013040501792114696
280,0.04367,0.00015596428571428573
281,0.050563,0.0001799395017793594
282,0.045544,0.00016150354609929078
283,0.040573,0.00014336749116607774
284,0.038632,0.0001360281690140845
285,0.036309,0.0001274
286,0.04562,0.0001595104895104895
287,0.036367,0.0001267142857142857
288,0.033363,0.00011584375
289,0.035346,0.0001223044982698962
290,0.034557,0.00011916206896551724
291,0.035483,0.00012193470790378007
292,0.034371,0.00011770890410958904
293,0.047457,0.0001619692832764505
294,0.058815,0.00020005102040816325
295,0.043553,0.00014763728813559323
296,0.038635,0.00013052364864864867
297,0.039527,0.00013308754208754209
298,0.047545,0.0001595469798657718
299,0.065984,0.00022068227424749164
300,0.060884,0.00020294666666666666
301,0.06819,0.00022654485049833887
302,0.064914,0.00021494701986754966
303,0.055137,0.00018197029702970297
304,0.070086,0.00023054605263157893
305,0.046367,0.00015202295081967213
306,0.03948,0.00012901960784313725
307,0.040467,0.000131814332247557
308,0.03628,0.0001177922077922078
309,0.035929,0.00011627508090614888
310,0.042125,0.00013588709677419357
311,0.261397,0.0008405048231511253
312,0.061111,0.00019586858974358974
313,0.041573,0.00013282108626198083
314,0.037585,0.00011969745222929937
315,0.047705,0.00015144444444444445
316,0.048616,0.0001538481012658228
317,0.046693,0.00014729652996845426
318,0.043584,0.0001370566037735849
319,0.038636,0.00012111598746081504
320,0.067087,0.000209646875
321,0.04569,0.00014233644859813085
322,0.055849,0.000173444099378882
323,0.055678,0.00017237770897832817
324,0.062915,0.0001941820987654321
325,0.073065,0.00022481538461538463
326,0.073174,0.00022446012269938652
327,0.056266,0.00017206727828746176
328,0.059365,0.0001809908536585366
329,0.058882,0.0001789726443768997
330,0.042466,0.00012868484848484847
331,0.064822,0.0001958368580060423
332,0.056843,0.00017121385542168675
333,0.045551,0.00013678978978978978
334,0.049624,0.0001485748502994012
335,0.067027,0.0002000805970149254
336,0.056855,0.00016921130952380953
337,0.068039,0.00020189614243323442
338,0.070839,0.0002095828402366864
339,0.050738,0.00014966961651917404
340,0.04157,0.00012226470588235294
341,0.04621,0.00013551319648093843
342,0.042461,0.0001241549707602339
343,0.040536,0.00011818075801749272
344,0.036448,0.00010595348837209303
345,0.035379,0.00010254782608695652
346,0.034421,9.948265895953758e-05
347,0.053703,0.00015476368876080692
348,0.044545,0.0001280028735632184
349,0.04367,0.00012512893982808023
350,0.044467,0.00012704857142857142
351,0.037428,0.00010663247863247864
352,0.037268,0.00010587500000000001
353,0.056022,0.00015870254957507082
354,0.049704,0.00014040677966101694
355,0.047834,0.000134743661971831
356,0.044462,0.0001248932584269663
357,0.038551,0.00010798599439775911
358,0.043491,0.0001214832402234637
359,0.044474,0.00012388300835654596
360,0.039562,0.00010989444444444444
361,0.039431,0.00010922714681440444
362,0.044775,0.0001236878453038674
363,0.041785,0.00011511019283746557
364,0.041336,0.00011356043956043955
365,0.042412,0.0001161972602739726
366,0.047662,0.00013022404371584701
367,0.037581,0.00010240054495912807
368,0.042499,0.00011548641304347827
369,0.039341,0.00010661517615176152
370,0.06781,0.00018327027027027025
371,0.069754,0.00018801617250673855
372,0.053725,0.00014442204301075268
373,0.046209,0.00012388471849865952
374,0.071587,0.0001914090909090909
375,0.063002,0.00016800533333333334
376,0.044338,0.00011792021276595745
377,0.069748,0.00018500795755968172
378,0.042844,0.00011334391534391534
379,0.046396,0.0001224168865435356
380,0.043504,0.00011448421052631579
381,0.048813,0.00012811811023622047
382,0.049762,0.0001302670157068063
383,0.036532,9.538381201044387e-05
384,0.035307,9.19453125e-05
385,0.037392,9.712207792207793e-05
386,0.046631,0.00012080569948186529
387,0.055784,0.00014414470284237726
388,0.040607,0.00010465721649484535
389,0.045464,0.00011687403598971722
390,0.063756,0.00016347692307692305
391,0.052268,0.0001336777493606138
392,0.049799,0.00012703826530612245
393,0.06356,0.00016173027989821884
394,0.052676,0.0001336954314720812
395,0.038412,9.724556962025317e-05
396,0.039843,0.00010061363636363637
397,0.048807,0.00012293954659949624
398,0.05361,0.00013469849246231156
399,0.040629,0.00010182706766917293
400,0.036473,9.118249999999999e-05
401,0.037437,9.335910224438902e-05
402,0.035453,8.819154228855721e-05
403,0.035413,8.787344913151365e-05
404,0.03526,8.727722772277228e-05
405,0.050796,0.0001254222222222222
406,0.069134,0.0001702807881773399
407,0.052632,0.00012931695331695333
408,0.076221,0.00018681617647058822
409,0.068688,0.00016794132029339853
410,0.06941,0.00016929268292682927
411,0.056312,0.00013701216545012167
412,0.052714,0.00012794660194174757
413,0.050761,0.00012290799031476997
414,0.038403,9.276086956521738e-05
415,0.058646,0.0001413156626506024
416,0.067155,0.0001614302884615385
417,0.063936,0.00015332374100719427
418,0.06095,0.00014581339712918659
419,0.049143,0.00011728639618138425
420,0.052544,0.0001251047619047619
421,0.051774,0.00012297862232779099
422,0.040207,9.527725118483412e-05
423,0.043649,0.00010318912529550828
424,0.06149,0.00014502358490566037
425,0.074756,0.0001758964705882353
426,0.058272,0.0001367887323943662
427,0.055546,0.00013008430913348946
428,0.072025,0.00016828271028037384
429,0.073256,0.00017075990675990675
430,0.0545,0.00012674418604651162
431,0.047665,0.00011059164733178653
432,0.04157,9.622685185185186e-05
433,0.040519,9.357736720554272e-05
434,0.044504,0.00010254377880184332
435,0.049752,0.00011437241379310344
436,0.038456,8.820183486238531e-05
437,0.051702,0.0001183112128146453
438,0.037381,8.534474885844749e-05
439,0.038561,8.78382687927107e-05
440,0.037461,8.513863636363637e-05
441,0.05168,0.00011718820861678004
442,0.043603,9.864932126696833e-05
443,0.044827,0.00010118961625282166
444,0.054761,0.00012333558558558558
445,0.050899,0.00011437977528089887
446,0.069999,0.00015694843049327356
447,0.063999,0.0001431744966442953
448,0.073294,0.00016360267857142856
449,0.071964,0.0001602761692650334
450,0.064965,0.00014436666666666666
451,0.052736,0.00011693126385809313
452,0.071953,0.00015918805309734515
453,0.073212,0.0001616158940397351
454,0.057815,0.00012734581497797357
455,0.055556,0.0001221010989010989
456,0.061689,0.0001352828947368421
457,0.069082,0.000151164113785558
458,0.054727,0.00011949126637554585
459,0.044562,9.708496732026143e-05
460,0.051714,0.0001124217391304348
461,0.059872,0.00012987418655097615
462,0.073045,0.0001581060606060606
463,0.061984,0.00013387473002159827
464,0.071005,0.00015302801724137932
465,0.05368,0.00011544086021505376
466,0.078194,0.00016779828326180259
467,0.059042,0.00012642826552462525
468,0.059838,0.00012785897435897437
469,0.043753,9.328997867803838e-05
470,0.039595,8.424468085106383e-05
471,0.044519,9.452016985138005e-05
472,0.046711,9.896398305084747e-05
473,0.049943,0.0001055877378435518
474,0.055666,0.00011743881856540084
475,0.044808,9.433263157894738e-05
476,0.072237,0.00015175840336134454
477,0.047461,9.949895178197066e-05
478,0.046217,9.668828451882845e-05
479,0.062663,0.00013082045929018788
480,0.055773,0.00011619375
481,0.057352,0.00011923492723492723
482,0.046599,9.667842323651453e-05
483,0.041164,8.52256728778468e-05
484,0.049645,0.00010257231404958678
485,0.067704,0.0001395958762886598
486,0.053999,0.00011110905349794239
487,0.080212,0.0001647063655030801
488,0.064975,0.0001331454918032787
489,0.05502,0.00011251533742331289
490,0.043556,8.888979591836734e-05
491,0.051674,0.00010524236252545824
492,0.047689,9.692886178861789e-05
493,0.039176,7.946450304259636e-05
494,0.041653,8.431781376518219e-05
495,0.062881,0.00012703232323232324
496,0.065948,0.00013295967741935486
497,0.052886,0.00010641046277665996
498,0.062524,0.00012555020080321283
499,0.049803,9.980561122244489e-05
500,0.068394,0.000136788
501,0.056868,0.00011350898203592815
502,0.06278,0.0001250597609561753
503,0.05894,0.00011717693836978131
504,0.061746,0.00012251190476190475
505,0.055758,0.00011041188118811882
506,0.056872,0.00011239525691699604
507,0.059913,0.0001181715976331361
508,0.070166,0.0001381220472440945
509,0.047834,9.397642436149313e-05
510,0.042533,8.339803921568627e-05
511,0.044469,8.702348336594912e-05
512,0.04145,8.095703125e-05
513,0.0437,8.518518518518518e-05
514,0.050226,9.7715953307393e-05
515,0.046697,9.0673786407767e-05
516,0.058615,0.00011359496124031008
517,0.042502,8.220889748549323e-05
518,0.048699,9.401351351351351e-05
519,0.068727,0.00013242196531791908
520,0.073047,0.000140475
521,0.076091,0.00014604798464491365
522,0.062181,0.00011912068965517242
523,0.050719,9.697705544933079e-05
524,0.070872,0.00013525190839694658
525,0.052582,0.00010015619047619047
526,0.055812,0.000106106463878327
527,0.047144,8.94573055028463e-05
528,0.052607,9.96344696969697e-05
529,0.045647,8.628922495274102e-05
530,0.045666,8.61622641509434e-05
531,0.044282,8.339359698681733e-05
532,0.044484,8.361654135338346e-05
533,0.04308,8.082551594746716e-05
534,0.041294,7.732958801498127e-05
535,0.045717,8.545233644859813e-05
536,0.059733,0.00011144216417910448
537,0.054869,0.00010217690875232775
538,0.043208,8.031226765799257e-05
539,0.056693,0.00010518181818181818
540,0.055679,0.00010310925925925926
541,0.050239,9.286321626617375e-05
542,0.059927,0.00011056642066420665
543,0.057477,0.00010585082872928177
544,0.053607,9.854227941176471e-05
545,0.052688,9.667522935779817e-05
546,0.067028,0.00012276190476190476
547,0.070137,0.00012822120658135283
548,0.067142,0.00012252189781021897
549,0.049826,9.075774134790529e-05
550,0.057767,0.0001050309090909091
551,0.054767,9.93956442831216e-05
552,0.058887,0.00010667934782608696
553,0.050504,9.132730560578662e-05
554,0.047469,8.56841155234657e-05
555,0.06169,0.00011115315315315316
556,0.046616,8.384172661870504e-05
557,0.049679,8.91903052064632e-05
558,0.055907,0.00010019175627240144
559,0.063863,0.00011424508050089446
560,0.05574,9.953571428571428e-05
561,0.051654,9.207486631016042e-05
562,0.051661,9.192348754448399e-05
563,0.067855,0.00012052397868561279
564,0.054919,9.737411347517731e-05
565,0.057896,0.000102470796460177
566,0.055754,9.850530035335688e-05
567,0.045722,8.06384479717813e-05
568,0.05363,9.441901408450703e-05
569,0.050589,8.890861159929701e-05
570,0.044475,7.802631578947369e-05
571,0.060735,0.00010636602451838879
572,0.059799,0.00010454370629370629
573,0.050329,8.783420593368236e-05
574,0.045893,7.995296167247387e-05
575,0.049693,8.642260869565217e-05
576,0.069192,0.000120125
577,0.05509,9.547660311958405e-05
578,0.044679,7.729930795847752e-05
579,0.05382,9.295336787564767e-05
580,0.058075,0.00010012931034482758
581,0.05805,9.991394148020653e-05
582,0.053858,9.253951890034365e-05
583,0.051817,8.887993138936536e-05
584,0.067309,0.00011525513698630136
585,0.055668,9.515897435897436e-05
586,0.04392,7.494880546075086e-05
587,0.050865,8.665247018739353e-05
588,0.053422,9.085374149659864e-05
589,0.065371,0.00011098641765704584
590,0.060995,0.0001033813559322034
591,0.067169,0.00011365313028764807
592,0.071954,0.00012154391891891893
593,0.061046,0.00010294435075885329
594,0.062053,0.00010446632996632996
595,0.061123,0.00010272773109243696
596,0.048897,8.204194630872483e-05
597,0.054903,9.196482412060302e-05
598,0.047598,7.959531772575251e-05
599,0.043826,7.316527545909849e-05
600,0.069052,0.00011508666666666667
601,0.050971,8.481031613976706e-05
602,0.054036,8.976079734219269e-05
603,0.051841,8.597180762852404e-05
604,0.062164,0.0001029205298013245
605,0.054886,9.072066115702478e-05
606,0.065205,0.0001075990099009901
607,0.056895,9.373146622734761e-05
608,0.052096,8.56842105263158e-05
609,0.072281,0.000118688013136289
610,0.097403,0.00015967704918032788
611,0.065234,0.00010676595744680851
612,0.077306,0.00012631699346405228
613,0.063923,0.00010427895595432299
614,0.066043,0.00010756188925081434
615,0.063952,0.0001039869918699187
616,0.054724,8.883766233766234e-05
617,0.050888,8.247649918962723e-05
618,0.055929,9.05e-05
619,0.05608,9.059773828756058e-05
620,0.045778,7.383548387096774e-05
621,0.058024,9.343639291465378e-05
622,0.055048,8.85016077170418e-05
623,0.070184,0.00011265489566613162
624,0.050938,8.163141025641026e-05
625,0.080308,0.00012849280000000002
626,0.071257,0.00011382907348242812
627,0.052768,8.415948963317384e-05
628,0.049824,7.933757961783439e-05
629,0.063248,0.00010055325914149443
630,0.06996,0.00011104761904761904
631,0.065739,0.00010418225039619652
632,0.059896,9.477215189873417e-05
633,0.052162,8.24044233807267e-05
634,0.06596,0.00010403785488958991
635,0.066319,0.00010443937007874016
636,0.054525,8.573113207547169e-05
637,0.049765,7.812401883830455e-05
638,0.04999,7.835423197492163e-05
639,0.042669,6.677464788732394e-05
640,0.05966,9.321875e-05
641,0.075674,0.00011805616224648987
642,0.074318,0.0001157601246105919
643,0.053653,8.344167962674962e-05
644,0.063855,9.915372670807453e-05
645,0.060084,9.315348837209302e-05
646,0.055929,8.657739938080495e-05
647,0.043563,6.73307573415765e-05
648,0.045912,7.085185185185185e-05
649,0.051825,7.985362095531588e-05
650,0.095545,0.0001469923076923077
651,0.065052,9.992626728110599e-05
652,0.076286,0.00011700306748466258
653,0.061138,9.362633996937213e-05
654,0.048853,7.469877675840979e-05
655,0.062969,9.613587786259542e-05
656,0.0723,0.00011021341463414635
657,0.089032,0.00013551293759512937
658,0.058007,8.81565349544073e-05
659,0.072226,0.00010959939301972686
660,0.075088,0.00011376969696969698
661,0.070177,0.00010616792738275341
662,0.079394,0.00011993051359516618
663,0.066203,9.985369532428355e-05
664,0.074253,0.00011182680722891567
665,0.060996,9.172330827067669e-05
666,0.047984,7.204804804804804e-05
667,0.04468,6.698650674662669e-05
668,0.046846,7.012874251497006e-05
669,0.044691,6.680269058295965e-05
670,0.051886,7.744179104477612e-05
671,0.075948,0.00011318628912071535
672,0.075344,0.00011211904761904761
673,0.075466,0.00011213372956909362
674,0.07235,0.00010734421364985163
675,0.055719,8.254666666666666e-05
676,0.047896,7.085207100591716e-05
677,0.047934,7.080354505169867e-05
678,0.059161,8.725811209439527e-05
679,0.05307,7.815905743740795e-05
680,0.057939,8.520441176470588e-05
681,0.068259,0.00010023348017621146
682,0.051208,7.508504398826979e-05
683,0.051731,7.574084919472913e-05
684,0.059967,8.767105263157894e-05
685,0.050371,7.353430656934306e-05
686,0.068905,0.00010044460641399416
687,0.066136,9.626783114992722e-05
688,0.061314,8.911918604651162e-05
689,0.076437,0.0001109390420899855
690,0.062664,9.081739130434782e-05
691,0.051853,7.504052098408104e-05
692,0.089525,0.00012937138728323698
693,0.073147,0.00010555122655122656
694,0.076348,0.00011001152737752162
695,0.085423,0.00012291079136690647
696,0.071991,0.0001034353448275862
697,0.062038,8.900717360114778e-05
698,0.058107,8.324785100286533e-05
699,0.062859,8.992703862660943e-05
700,0.059936,8.562285714285715e-05
701,0.048943,6.98188302425107e-05
702,0.062029,8.836039886039887e-05
703,0.060286,8.575533428165007e-05
704,0.063169,8.972869318181818e-05
705,0.061057,8.660567375886524e-05
706,0.070344,9.963739376770538e-05
707,0.054886,7.763224893917963e-05
708,0.063061,8.906920903954802e-05
709,0.062095,8.758110014104372e-05
710,0.05466,7.698591549295775e-05
711,0.046866,6.591561181434599e-05
712,0.07511,0.00010549157303370786
713,0.069255,9.713183730715287e-05
714,0.070299,9.845798319327732e-05
715,0.047889,6.697762237762237e-05
716,0.056085,7.833100558659219e-05
717,0.05794,8.080892608089261e-05
718,0.070197,9.776740947075208e-05
719,0.042665,5.93393602225313e-05
720,0.059527,8.267638888888888e-05
721,0.047791,6.628432732316227e-05
722,0.044656,6.185041551246538e-05
723,0.042685,5.9038727524204705e-05
724,0.046286,6.393093922651933e-05
725,0.044716,6.167724137931034e-05
726,0.061035,8.407024793388429e-05
727,0.062119,8.544566712517194e-05
728,0.080169,0.00011012225274725275
729,0.07019,9.628257887517147e-05
730,0.057047,7.814657534246575e-05
731,0.050197,6.866894664842682e-05
732,0.04984,6.808743169398907e-05
733,0.053531,7.30300136425648e-05
734,0.061913,8.435013623978202e-05
735,0.061099,8.312789115646258e-05
736,0.067168,9.12608695652174e-05
737,0.047744,6.478154681139756e-05
738,0.050876,6.893766937669376e-05
739,0.046328,6.269012178619757e-05
740,0.057385,7.754729729729729e-05
741,0.070366,9.49608636977058e-05
742,0.068046,9.170619946091643e-05
743,0.089543,0.00012051547779273216
744,0.097113,0.00013052822580645162
745,0.066945,8.985906040268457e-05
746,0.049533,6.639812332439678e-05
747,0.079308,0.00010616867469879518
748,0.074952,0.00010020320855614974
749,0.067973,9.075166889185582e-05
750,0.064118,8.549066666666666e-05
751,0.054811,7.298402130492677e-05
752,0.065091,8.655718085106383e-05
753,0.04784,6.353253652058434e-05
754,0.049859,6.612599469496021e-05
755,0.050862,6.736688741721854e-05
756,0.067091,8.874470899470899e-05
757,0.075238,9.93896961690885e-05
758,0.067123,8.855277044854882e-05
759,0.060004,7.90566534914361e-05
760,0.063975,8.417763157894738e-05
761,0.051861,6.814848883048619e-05
762,0.061146,8.024409448818897e-05
763,0.064139,8.406159895150721e-05
764,0.064629,8.459293193717278e-05
765,0.06931,9.060130718954248e-05
766,0.054838,7.159007832898173e-05
767,0.051863,6.761799217731421e-05
768,0.057073,7.431380208333334e-05
769,0.053655,6.977243172951886e-05
770,0.06302,8.184415584415586e-05
771,0.05216,6.765239948119325e-05
772,0.048706,6.309067357512953e-05
773,0.049825,6.445666235446313e-05
774,0.0507,6.550387596899225e-05
775,0.05295,6.83225806451613e-05
776,0.050957,6.566623711340206e-05
777,0.044846,5.7716859716859715e-05
778,0.043777,5.6268637532133683e-05
779,0.047881,6.146469833119384e-05
780,0.047829,6.131923076923078e-05
781,0.049996,6.401536491677337e-05
782,0.072242,9.238107416879796e-05
783,0.062092,7.930012771392082e-05
784,0.05938,7.573979591836735e-05
785,0.052046,6.630063694267516e-05
786,0.046685,5.939567430025445e-05
787,0.049322,6.267090216010165e-05
788,0.044793,5.684390862944162e-05
789,0.072257,9.158048162230672e-05
790,0.059593,7.543417721518988e-05
791,0.053959,6.821618204804046e-05
792,0.062123,7.84381313131313e-05
793,0.059033,7.444262295081968e-05
794,0.077117,9.712468513853904e-05
795,0.080054,0.00010069685534591195
796,0.074767,9.3928391959799e-05
797,0.065125,8.171267252195735e-05
798,0.073423,9.200877192982456e-05
799,0.049912,6.246808510638297e-05
800,0.064005,8.000625000000001e-05
801,0.056003,6.991635455680399e-05
802,0.058225,7.25997506234414e-05
803,0.055876,6.95840597758406e-05
804,0.057169,7.110572139303482e-05
805,0.056142,6.974161490683229e-05
806,0.069198,8.585359801488833e-05
807,0.079396,9.838413878562577e-05
808,0.096671,0.00011964232673267327
809,0.071113,8.790234857849196e-05
810,0.062069,7.662839506172839e-05
811,0.057998,7.151418002466092e-05
812,0.050888,6.266995073891626e-05
813,0.058843,7.237761377613776e-05
814,0.072255,8.876535626535627e-05
815,0.071455,8.767484662576688e-05
816,0.073327,8.986151960784315e-05
817,0.066922,8.191187270501835e-05
818,0.067215,8.216992665036674e-05
819,0.067029,8.184249084249085e-05
820,0.058811,7.172073170731708e-05
821,0.065752,8.008769792935445e-05
822,0.072195,8.782846715328467e-05
823,0.053934,6.553341433778858e-05
824,0.046891,5.6906553398058254e-05
825,0.060011,7.274060606060606e-05
826,0.060172,7.284745762711864e-05
827,0.051872,6.272309552599758e-05
828,0.049851,6.0206521739130434e-05
829,0.05445,6.568154402895055e-05
830,0.0538,6.481927710843374e-05
831,0.059039,7.104572803850783e-05
832,0.068171,8.193629807692307e-05
833,0.067365,8.08703481392557e-05
834,0.076181,9.134412470023981e-05
835,0.068753,8.233892215568861e-05
836,0.094024,0.0001124688995215311
837,0.077782,9.292951015531661e-05
838,0.088326,0.00010540095465393795
839,0.081509,9.715017878426698e-05
840,0.059131,7.039404761904763e-05
841,0.062121,7.386563614744352e-05
842,0.058949,7.001068883610452e-05
843,0.065194,7.733570581257415e-05
844,0.057956,6.866824644549764e-05
845,0.069046,8.171124260355029e-05
846,0.068175,8.058510638297872e-05
847,0.064082,7.565761511216057e-05
848,0.052859,6.233372641509434e-05
849,0.053763,6.332508833922261e-05
850,0.063995,7.528823529411765e-05
851,0.077446,9.100587544065805e-05
852,0.048775,5.7247652582159625e-05
853,0.050615,5.933763188745604e-05
854,0.050664,5.932552693208431e-05
855,0.054763,6.405029239766082e-05
856,0.077146,9.012383177570095e-05
857,0.08333,9.723453908984831e-05
858,0.061014,7.111188811188811e-05
859,0.056113,6.532363213038417e-05
860,0.064357,7.483372093023255e-05
861,0.056059,6.510917537746806e-05
862,0.057945,6.72215777262181e-05
863,0.062015,7.185979142526073e-05
864,0.05902,6.83101851851852e-05
865,0.076293,8.82e-05
866,0.077423,8.940300230946883e-05
867,0.087016,0.00010036447520184543
868,0.080527,9.277304147465437e-05
869,0.058182,6.695281933256617e-05
870,0.06121,7.035632183908047e-05
871,0.051904,5.959127439724454e-05
872,0.070295,8.061353211009174e-05
873,0.077241,8.847766323024056e-05
874,0.061511,7.037871853546912e-05
875,0.084307,9.635085714285715e-05
876,0.064886,7.407077625570776e-05
877,0.062915,7.173888255416191e-05
878,0.052036,5.926651480637813e-05
879,0.086876,9.883503981797497e-05
880,0.074256,8.438181818181819e-05
881,0.061913,7.027582292849035e-05
882,0.054179,6.142743764172335e-05
883,0.04918,5.5696489241223106e-05
884,0.053536,6.056108597285068e-05
885,0.052142,5.891751412429379e-05
886,0.047331,5.342099322799097e-05
887,0.057806,6.517023675310035e-05
888,0.057072,6.427027027027027e-05
889,0.049427,5.559842519685039e-05
890,0.053915,6.057865168539325e-05
891,0.059923,6.725364758698092e-05
892,0.076386,8.563452914798206e-05
893,0.070215,7.862821948488242e-05
894,0.068035,7.610178970917226e-05
895,0.071113,7.94558659217877e-05
896,0.05716,6.379464285714286e-05
897,0.058102,6.477369007803791e-05
898,0.055813,6.215256124721603e-05
899,0.055064,6.125027808676307e-05
900,0.047745,5.305e-05
901,0.060007,6.660044395116537e-05
902,0.078949,8.752660753880266e-05
903,0.082805,9.16998892580288e-05
904,0.050644,5.602212389380531e-05
905,0.066199,7.314806629834253e-05
906,0.057983,6.399889624724061e-05
907,0.050873,5.608930540242558e-05
908,0.081389,8.963546255506609e-05
909,0.051753,5.693399339933993e-05
910,0.052962,5.8200000000000005e-05
911,0.070108,7.695718990120747e-05
912,0.076286,8.364692982456141e-05
913,0.065223,7.143811610076671e-05
914,0.072226,7.902188183807439e-05
915,0.059077,6.456502732240437e-05
916,0.058002,6.332096069868995e-05
917,0.055553,6.0581243184296615e-05
918,0.054861,5.976143790849673e-05
919,0.095496,0.00010391294885745375
920,0.087295,9.488586956521738e-05
921,0.079498,8.63170466883822e-05
922,0.067863,7.360412147505424e-05
923,0.053864,5.835752979414951e-05
924,0.051893,5.616125541125541e-05
925,0.071189,7.696108108108108e-05
926,0.059772,6.454859611231101e-05
927,0.058421,6.302157497303128e-05
928,0.053336,5.7474137931034486e-05
929,0.055193,5.941119483315393e-05
930,0.054661,5.87752688172043e-05
931,0.049932,5.363265306122449e-05
932,0.047824,5.131330472103004e-05
933,0.053628,5.747909967845659e-05
934,0.066809,7.152997858672377e-05
935,0.073266,7.835935828877004e-05
936,0.067996,7.264529914529914e-05
937,0.086473,9.228708644610458e-05
938,0.070216,7.485714285714285e-05
939,0.061037,6.500212992545261e-05
940,0.05285,5.622340425531915e-05
941,0.056938,6.050797024442083e-05
942,0.0548,5.817409766454353e-05
943,0.065951,6.99374337221633e-05
944,0.077391,8.198199152542374e-05
945,0.075267,7.964761904761905e-05
946,0.079324,8.385200845665963e-05
947,0.060094,6.345723336853221e-05
948,0.04978,5.251054852320675e-05
949,0.048344,5.0942044257112746e-05
950,0.051716,5.4437894736842105e-05
951,0.077286,8.126813880126182e-05
952,0.081405,8.550945378151261e-05
953,0.057792,6.0642182581322145e-05
954,0.064155,6.724842767295597e-05
955,0.071095,7.444502617801048e-05
956,0.099658,0.00010424476987447698
957,0.092511,9.666771159874608e-05
958,0.07216,7.532359081419624e-05
959,0.063002,6.569551616266945e-05
960,0.064092,6.676249999999999e-05
961,0.066157,6.884183142559833e-05
962,0.060816,6.321829521829522e-05
963,0.060878,6.321703011422638e-05
964,0.062016,6.433195020746888e-05
965,0.057775,5.987046632124352e-05
966,0.074349,7.696583850931677e-05
967,0.083168,8.600620475698036e-05
968,0.07326,7.568181818181819e-05
969,0.068295,7.047987616099071e-05
970,0.061751,6.366082474226805e-05
971,0.077249,7.955612770339855e-05
972,0.079068,8.134567901234567e-05
973,0.075452,7.754573484069887e-05
974,0.076203,7.823716632443532e-05
975,0.066662,6.837128205128206e-05
976,0.057014,5.841598360655738e-05
977,0.060958,6.239303991811669e-05
978,0.057775,5.907464212678937e-05
979,0.054904,5.608171603677222e-05
980,0.057067,5.8231632653061224e-05
981,0.060051,6.121406727828746e-05
982,0.06107,6.218940936863544e-05
983,0.073055,7.431841302136317e-05
984,0.053948,5.4825203252032525e-05
985,0.05247,5.326903553299493e-05
986,0.054849,5.5627789046653144e-05
987,0.07431,7.52887537993921e-05
988,0.098033,9.922368421052631e-05
989,0.07185,7.264914054600607e-05
990,0.060059,6.066565656565657e-05
991,0.069176,6.98042381432896e-05
992,0.063042,6.355040322580645e-05
993,0.065122,6.558106747230614e-05
994,0.07835,7.882293762575453e-05
995,0.070167,7.051959798994975e-05
996,0.065197,6.545883534136547e-05
997,0.068042,6.8246740220662e-05
998,0.060936,6.105811623246492e-05
999,0.06105,6.111111111111111e-05
1000,0.049864,4.9863999999999996e-05
